post_id,post_date,format,category,views,likes,comments,interaction_rate
P001,46012,Carousel,Daily Phrases,1475,27,1,0.018983051
P002,46014,Carousel,Vocabulary,263,11,0,0.041825095
P003,46015,Carousel,Vocabulary,528,9,0,0.017045455
P004,46015,Carousel,Vocabulary,308,5,0,0.016233766
P005,46016,Carousel,Vocabulary,389,10,0,0.025706941
P006,46016,Carousel,Grammar,934,19,2,0.02248394
P007,46017,Carousel,Daily Phrases,445,9,1,0.02247191
P008,46017,Carousel,Vocabulary,588,12,0,0.020408163
P009,46018,Carousel,Daily Phrases,649,18,0,0.027734977
P010,46019,Carousel,Vocabulary,922,18,0,0.019522777
P011,46020,Carousel,Daily Phrases,411,6,0,0.01459854
P012,46022,Carousel,Culture & Language,195,7,0,0.035897436
P013,46023,Carousel,Vocabulary,300,14,0,0.046666667
P014,46024,Carousel,Vocabulary,821,6,0,0.007308161
P015,46025,Carousel,Grammar,1181,4,1,0.0042337
P016,46026,Carousel,Vocabulary,1126,20,1,0.018650089
P017,46027,Carousel,Vocabulary,496,6,6,0.024193548
P018,46027,Carousel,Vocabulary,637,14,0,0.021978022
P019,46028,Carousel,Daily Phrases,2043,37,1,0.018600098
P020,46028,Carousel,Vocabulary,525,12,0,0.022857143
P021,46029,Carousel,Daily Phrases,612,21,0,0.034313725
P022,46030,Carousel,Culture & Language,443,5,0,0.011286682
P023,46030,Carousel,Vocabulary,576,15,1,0.027777778
P024,46031,Carousel,Culture & Language,967,11,1,0.012409514
P025,46032,Carousel,Daily Phrases,438,17,3,0.0456621
P026,46043,Carousel,Culture & Language,544,11,3,0.025735294
P027,46044,Carousel,Daily Phrases,1637,41,0,0.025045816
P028,46045,Carousel,Vocabulary,920,19,0,0.020652174
P029,46046,Carousel,Daily Phrases,265,12,0,0.045283019
P030,46046,Carousel,Vocabulary,720,17,0,0.023611111
P031,46047,Carousel,Vocabulary,1230,20,3,0.018699187
P032,46047,Carousel,Vocabulary,292,13,0,0.044520548
P033,46048,Carousel,Vocabulary,509,13,0,0.025540275
P034,46048,Carousel,Daily Phrases,1336,15,0,0.011227545
P035,46049,Carousel,Vocabulary,2254,50,0,0.022182786
P036,46050,Carousel,Daily Phrases,994,17,0,0.017102616
P037,46051,Carousel,Vocabulary,839,25,0,0.029797378
P038,46051,Carousel,Daily Phrases,1223,15,1,0.013082584
P039,46052,Carousel,Daily Phrases,1101,14,0,0.012715713
P040,46053,Carousel,Vocabulary,1149,35,0,0.030461271
P041,46055,Carousel,Culture & Language,1344,16,0,0.011904762
P042,46055,Carousel,Vocabulary,6292,188,0,0.029879212
P043,46056,Carousel,Vocabulary,988,7,0,0.00708502
P044,46057,Carousel,Daily Phrases,873,14,0,0.016036655
P045,46057,Carousel,Daily Phrases,2426,90,0,0.037098104
P046,46058,Carousel,Vocabulary,351,5,0,0.014245014
P047,46059,Carousel,Vocabulary,1043,25,0,0.023969319
P048,46059,Carousel,Culture & Language,1632,27,0,0.016544118
P049,46060,Carousel,Culture & Language,402,18,4,0.054726368
P050,46060,Carousel,Daily Phrases,1793,43,0,0.023982153
P051,46061,Carousel,Grammar,3283,93,1,0.028632348
P052,46063,Carousel,Vocabulary,1134,20,0,0.017636684
P053,46064,Carousel,Culture & Language,1074,32,3,0.032588454
P054,46065,Carousel,Grammar,17000,611,15,0.036823529
P055,46065,Carousel,Culture & Language,1506,17,1,0.011952191
P056,46066,Carousel,Grammar,1369,29,0,0.021183346
P057,46066,Video,Vocabulary,345,7,1,0.023188406
P058,46067,Carousel,Daily Phrases,3793,50,0,0.013182178
P059,46068,Carousel,Culture & Language,1158,18,0,0.015544041
P060,46069,Carousel,Daily Phrases,1171,9,2,0.009393681
P061,46069,Carousel,Grammar,2611,49,3,0.019915741
P062,46070,Carousel,Vocabulary,664,22,0,0.03313253
P063,46070,Carousel,Culture & Language,9141,84,2,0.009408161
P064,46071,Carousel,Grammar,1210,21,0,0.017355372
P065,46072,Carousel,Vocabulary,2072,66,3,0.033301158
P066,46073,Carousel,Daily Phrases,2438,96,0,0.039376538
P067,46074,Carousel,Vocabulary,1137,6,0,0.005277045
P068,46074,Carousel,Daily Phrases,11000,172,0,0.015636364
P069,46075,Carousel,Daily Phrases,1412,17,0,0.01203966
P070,46077,Carousel,Daily Phrases,4942,230,0,0.046539862
P071,46078,Carousel,Daily Phrases,2530,93,6,0.039130435
P072,46079,Carousel,Grammar,49000,2355,34,0.048755102
P073,46080,Carousel,Culture & Language,2849,15,3,0.006318006
P074,46081,Carousel,Vocabulary,1775,30,6,0.02028169
P075,46083,Carousel,Grammar,1167,20,0,0.017137961
P076,46084,Carousel,Culture & Language,3429,46,0,0.01341499
P077,46086,Carousel,Vocabulary,4415,200,3,0.045979615
P078,46088,Carousel,Grammar,879,23,9,0.036405006
P079,46089,Carousel,Vocabulary,769,57,2,0.076723017
P080,46090,Carousel,Vocabulary,1221,70,4,0.060606061
P081,46091,Carousel,Vocabulary,519,23,2,0.048169557
P082,46092,Carousel,Vocabulary,827,42,2,0.053204353
P083,46094,Video,Vocabulary,847,50,4,0.063754427
P084,46103,Carousel,Culture & Language,577,18,0,0.031195841
P085,46104,Video,Vocabulary,906,45,5,0.055187638
P086,46107,Carousel,Vocabulary,601,19,1,0.03327787
P087,46109,Carousel,Culture & Language,317,11,0,0.034700315
P088,46113,Carousel,Daily Phrases,649,25,0,0.038520801
P089,46120,Carousel,Daily Phrases,462,17,0,0.036796537
P090,46121,Carousel,Daily Phrases,1658,26,0,0.015681544
P091,46127,Carousel,Culture & Language,735,11,10,0.028571429
P092,46127,Carousel,Vocabulary,706,27,0,0.038243626
P093,46128,Video,Culture & Language,508,23,1,0.047244094
P094,46130,Carousel,Culture & Language,292,8,1,0.030821918
P095,46132,Carousel,Culture & Language,427,14,2,0.037470726
P096,46133,Carousel,Vocabulary,487,26,0,0.05338809
P097,46134,Carousel,Vocabulary,318,12,0,0.037735849
P098,46134,Video,Culture & Language,509,18,0,0.035363458
P099,46135,Carousel,Vocabulary,546,24,2,0.047619048
P100,46135,Carousel,Culture & Language,376,13,0,0.034574468
P101,46136,Carousel,Culture & Language,1947,30,0,0.01540832
P102,46136,Carousel,Culture & Language,1373,50,0,0.036416606
P103,46136,Video,Culture & Language,606,28,0,0.04620462
P104,46137,Carousel,Grammar,1122,18,0,0.016042781
P105,46137,Carousel,Daily Phrases,341,16,0,0.046920821
P106,46138,Carousel,Daily Phrases,853,38,0,0.044548652
P107,46138,Carousel,Culture & Language,2296,42,2,0.019163763
P108,46138,Carousel,Daily Phrases,1546,44,0,0.028460543
P109,46139,Carousel,Grammar,412,9,0,0.02184466
P110,46139,Carousel,Culture & Language,1037,22,0,0.021215043
P111,46143,Carousel,Culture & Language,936,19,0,0.020299145
P112,46143,Carousel,Culture & Language,255,3,0,0.011764706
P113,46144,Carousel,Vocabulary,405,21,0,0.051851852
P114,46144,Carousel,Culture & Language,434,11,0,0.025345622
P115,46145,Carousel,Vocabulary,932,27,0,0.028969957
P116,46148,Carousel,Culture & Language,307,4,0,0.013029316
P117,46148,Carousel,Culture & Language,627,22,2,0.038277512
P118,46149,Carousel,Vocabulary,22000,757,13,0.035
P119,46150,Carousel,Daily Phrases,522,19,0,0.036398467
P120,46151,Carousel,Vocabulary,592,29,2,0.052364865
P121,46151,Carousel,Vocabulary,251,3,0,0.011952191
P122,46152,Video,Daily Phrases,513,19,0,0.037037037
P123,46153,Carousel,Vocabulary,882,38,0,0.0430839
P124,46154,Carousel,Daily Phrases,1024,39,1,0.0390625
P125,46155,Carousel,Daily Phrases,1904,67,2,0.036239496
P126,46158,Carousel,Daily Phrases,416,11,0,0.026442308
P127,46159,Carousel,Daily Phrases,1532,40,6,0.03002611
P128,46160,Carousel,Vocabulary,463,16,0,0.034557235
P129,46161,Carousel,Grammar,664,36,2,0.057228916
P130,46162,Carousel,Culture & Language,674,21,0,0.03115727
P131,46164,Carousel,Daily Phrases,2296,127,6,0.057926829
P132,46165,Carousel,Grammar,1014,47,0,0.046351085
P133,46166,Carousel,Daily Phrases,1539,37,0,0.024041585
P134,46166,Carousel,Culture & Language,688,37,0,0.05377907
P135,46168,Carousel,Daily Phrases,467,13,0,0.027837259
P136,46172,Carousel,Grammar,831,30,1,0.037304452
P137,46176,Carousel,Culture & Language,3015,103,2,0.034825871
P138,46176,Carousel,Daily Phrases,1115,38,0,0.034080717
P139,46177,Carousel,Daily Phrases,750,28,4,0.042666667
P140,46178,Carousel,Culture & Language,574,26,0,0.045296167
P141,46178,Carousel,Vocabulary,1049,47,0,0.044804576
P142,46179,Carousel,Daily Phrases,849,37,4,0.048292108
P143,46181,Carousel,Daily Phrases,4074,163,1,0.040255277
P144,46182,Carousel,Grammar,605,26,4,0.049586777
P145,46182,Carousel,Grammar,517,21,0,0.040618956
P146,46183,Carousel,Culture & Language,448,24,0,0.053571429
P147,46183,Carousel,Grammar,344,13,0,0.037790698
P148,46184,Carousel,Grammar,854,21,3,0.028103044
P149,46187,Carousel,Grammar,908,35,0,0.038546256
P150,46187,Carousel,Grammar,352,16,1,0.048295455
P151,46188,Carousel,Daily Phrases,1162,43,2,0.038726334
P152,46189,Carousel,Grammar,266,8,0,0.030075188
P153,46190,Carousel,Vocabulary,750,31,2,0.044
P154,46193,Carousel,Daily Phrases,3795,55,4,0.015546772
P155,46194,Carousel,Vocabulary,537,24,0,0.044692737
P156,46196,Carousel,Grammar,278,10,0,0.035971223
P157,46197,Carousel,Vocabulary,445,25,0,0.056179775
P158,46198,Carousel,Grammar,597,26,0,0.043551089
P159,46200,Carousel,Culture & Language,571,16,2,0.031523643
P160,46202,Carousel,Daily Phrases,996,60,6,0.06626506
P161,46205,Carousel,Grammar,1059,60,2,0.058545798
P162,46207,Carousel,Daily Phrases,629,36,2,0.060413355
P163,46208,Carousel,Daily Phrases,1269,65,0,0.051221434
P164,46210,Carousel,Daily Phrases,1159,67,4,0.061259707
P165,46213,Carousel,Daily Phrases,911,57,2,0.064763996
P166,46215,Carousel,Daily Phrases,819,53,6,0.072039072
P167,46220,Carousel,Daily Phrases,523,32,0,0.061185468
P168,46222,Carousel,Daily Phrases,554,28,0,0.050541516
P169,46231,Carousel,Daily Phrases,540,30,2,0.059259259
P170,46231,Carousel,Daily Phrases,765,32,0,0.041830065
P171,46232,Carousel,Culture & Language,469,11,2,0.02771855
P172,46233,Carousel,Daily Phrases,841,41,2,0.051129608
P173,46235,Carousel,Culture & Language,484,12,1,0.026859504
P174,46235,Carousel,Daily Phrases,488,20,0,0.040983607
P175,46236,Carousel,Culture & Language,409,10,0,0.024449878
P176,46239,Carousel,Daily Phrases,640,33,2,0.0546875
P177,46241,Carousel,Vocabulary,573,30,4,0.059336824
P178,46244,Video,Daily Phrases,4389,205,10,0.048986102
P179,46245,Carousel,Culture & Language,1049,63,0,0.060057197
P180,46246,Video,Daily Phrases,1914,113,0,0.059038662
P181,46249,Video,Culture & Language,1657,98,0,0.05914303
P182,46253,Carousel,Culture & Language,482,19,0,0.039419087
P183,46254,Carousel,Daily Phrases,1031,35,0,0.033947624
P184,46256,Carousel,Daily Phrases,750,29,1,0.04
P185,46260,Carousel,Vocabulary,926,42,8,0.05399568
P186,46261,Carousel,Vocabulary,688,34,6,0.058139535
P187,46263,Carousel,Culture & Language,750,39,0,0.052
P188,46265,Carousel,Culture & Language,3983,74,2,0.019081095
P189,46266,Carousel,Grammar,893,46,2,0.0537514
P190,46268,Carousel,Vocabulary,503,25,1,0.051689861
P191,46269,Carousel,Daily Phrases,551,30,4,0.061705989
P192,46273,Carousel,Vocabulary,387,22,0,0.056847545
P193,46282,Video,Grammar,1584,80,3,0.05239899
P194,46286,Carousel,Vocabulary,280,10,0,0.035714286
P195,46287,Carousel,Vocabulary,360,18,2,0.055555556
P196,46288,Carousel,Vocabulary,424,32,4,0.08490566